,Регион,Год,Число больничных коек,Мощность амбулаторно-поликлинических организаций,Численность врачей всех специальностей,Численность среднего медицинского персонала,Заболеваемость на 1000 человек населения,Среднедушевые денежные доходы населения,Смертность населения в трудоспособном возрасте,Число предприятий и организаций,Выбросы загрязняющих веществ в атмосферный воздух,Улавливание загрязняющих атмосферу веществ,Сброс загрязненных сточных вод в поверхностные водные объекты,Средняя продолжительность жизни
0,Белгородская область,2005,111.5,224.2,39.6,117.8,780.0,5276.0,618.6,21857.0,102.0,911.0,11.0,68.43
1,Белгородская область,2010,81.4,232.4,40.4,116.1,756.7,16993.0,502.9,21857.0,132.0,764.0,77.0,71.31
2,Белгородская область,2015,77.1,241.7,41.3,113.4,707.4,28043.0,465.9,21857.0,118.0,639.0,61.0,72.61
3,Белгородская область,2019,70.4,270.2,40.5,106.1,694.5,32398.0,415.8,21857.0,157.0,853.0,69.0,74.21
4,Белгородская область,2020,69.5,271.8,40.4,105.0,714.0,32884.0,499.7,21857.0,168.0,1075.0,66.0,72.37
5,Белгородская область,2021,70.9,282.9,41.9,105.5,796.4,35612.0,556.3,21857.0,156.0,874.0,61.0,70.67
6,Брянская область,2005,127.4,224.5,36.4,113.7,756.4,4788.0,1021.3,21857.0,49.0,737.0,89.0,63.4
7,Брянская область,2010,92.2,243.1,36.2,113.8,820.2,13358.0,720.2,21857.0,35.0,560.0,78.0,67.92
8,Брянская область,2015,76.8,279.9,38.0,118.1,782.1,23428.0,634.4,21857.0,37.0,435.0,58.0,70.36
9,Брянская область,2019,74.9,293.9,40.2,112.9,760.4,28422.0,567.3,21857.0,46.0,104.0,51.0,72.31
10,Брянская область,2020,75.5,300.6,40.5,112.9,767.8,28636.0,658.6,21857.0,47.0,102.0,50.0,70.63
11,Брянская область,2021,73.7,300.2,39.1,110.9,891.7,31608.0,747.6,21857.0,44.0,146.0,51.0,68.67
12,Владимирская область,2005,104.2,299.8,33.7,101.8,877.6,4107.0,1040.3,21857.0,29.0,9.0,155.0,63.51
13,Владимирская область,2010,77.3,314.9,33.1,94.6,926.8,12956.0,800.8,21857.0,35.0,14.0,129.0,67.12
14,Владимирская область,2015,86.0,341.4,33.8,99.0,937.7,22712.0,654.0,21857.0,30.0,6.0,109.0,69.82
15,Владимирская область,2019,82.9,355.6,35.1,93.0,895.2,25391.0,562.3,21857.0,54.0,10.0,94.0,71.87
16,Владимирская область,2020,84.4,361.6,36.5,92.3,932.9,25955.0,679.1,21857.0,60.0,12.0,95.0,70.03
17,Владимирская область,2021,87.3,376.4,37.5,93.9,1093.9,28489.0,758.7,21857.0,62.0,12.0,94.0,68.11
18,Воронежская область,2005,107.1,208.5,53.1,117.6,525.4,5398.0,787.5,21857.0,52.0,42.0,169.0,66.5
19,Воронежская область,2010,91.1,241.3,52.6,115.6,549.9,13883.0,617.0,21857.0,77.0,51.0,134.0,69.45
20,Воронежская область,2015,85.7,241.4,51.7,114.1,545.6,29366.0,561.5,21857.0,69.0,89.0,117.0,71.67
21,Воронежская область,2019,78.8,255.6,52.9,109.1,524.5,32022.0,474.5,21857.0,105.0,115.0,119.0,73.63
22,Воронежская область,2020,79.1,255.7,52.3,107.2,531.9,32102.0,558.1,21857.0,116.0,137.0,118.0,71.91
23,Воронежская область,2021,78.5,264.1,53.6,106.9,622.5,35100.0,657.4,21857.0,111.0,137.0,117.0,69.49
24,Ивановская область,2005,125.7,207.7,51.0,135.5,824.5,3480.0,1168.1,29121.0,40.0,30.0,144.0,62.17
25,Ивановская область,2010,104.0,276.0,51.9,103.8,897.5,11124.0,787.3,32341.0,37.0,26.0,102.0,67.09
26,Ивановская область,2015,88.9,240.4,43.8,103.5,877.5,22297.0,614.0,35612.0,33.0,17.0,70.0,70.62
27,Ивановская область,2019,81.2,253.1,44.1,100.8,931.1,25794.0,562.6,27603.0,17.0,8.0,61.0,71.84
28,Ивановская область,2020,82.2,256.7,45.4,98.7,835.5,26284.0,632.5,25839.0,25.0,6.0,62.0,70.66
29,Ивановская область,2021,83.1,258.9,44.5,96.3,967.1,28680.0,706.4,24866.0,25.0,7.0,59.0,69.02
30,Калужская область,2005,115.2,253.2,38.8,102.8,777.4,5343.0,956.6,27880.0,12.0,106.0,99.0,64.38
31,Калужская область,2010,99.8,257.6,39.6,100.9,757.9,15477.0,716.8,27135.0,12.0,134.0,92.0,68.1
32,Калужская область,2015,83.8,256.7,38.5,100.8,712.4,27434.0,600.4,28634.0,26.0,148.0,86.0,70.73
33,Калужская область,2019,73.0,279.7,42.6,97.6,788.4,31417.0,557.2,24032.0,27.0,44.0,71.0,72.35
34,Калужская область,2020,84.0,299.8,43.1,100.0,844.5,32559.0,642.8,23046.0,26.0,44.0,72.0,70.38
35,Калужская область,2021,76.7,316.4,44.3,96.3,1022.8,35028.0,698.1,22082.0,30.0,50.0,72.0,69.16
36,Костромская область,2005,158.0,214.9,36.7,122.6,682.6,4985.0,1062.1,21857.0,52.0,173.0,64.0,62.59
37,Костромская область,2010,96.6,234.2,34.6,116.4,798.9,13315.0,750.7,21857.0,54.0,45.0,47.0,67.5
38,Костромская область,2015,95.3,269.1,36.0,115.0,768.9,21939.0,592.4,21857.0,46.0,18.0,36.0,70.38
39,Костромская область,2019,94.3,283.8,38.1,114.1,739.3,25318.0,512.7,21857.0,44.0,21.0,35.0,72.35
40,Костромская область,2020,96.3,289.4,36.9,112.3,703.9,25786.0,581.4,21857.0,45.0,26.0,37.0,70.92
41,Костромская область,2021,93.7,292.5,37.3,109.7,812.5,28560.0,720.9,21857.0,41.0,29.0,39.0,68.78
42,Курская область,2005,114.2,226.9,50.0,115.7,635.8,5218.0,877.2,21857.0,27.0,26.0,34.0,65.01
43,Курская область,2010,94.0,241.4,58.0,119.2,577.6,14685.0,680.2,21857.0,41.0,40.0,37.0,68.53
44,Курская область,2015,85.4,252.1,49.0,118.3,542.6,25330.0,614.7,21857.0,31.0,37.0,11.0,70.8
45,Курская область,2019,84.9,273.3,51.3,112.3,533.9,29149.0,535.4,21857.0,58.0,28.0,11.0,72.27
46,Курская область,2020,86.7,272.5,52.7,111.3,497.8,29791.0,635.1,21857.0,53.0,31.0,11.0,70.52
47,Курская область,2021,88.1,275.8,52.8,110.1,565.0,32715.0,708.0,21857.0,56.0,43.0,8.0,68.56
48,Липецкая область,2005,132.2,302.5,39.8,126.2,710.3,5591.0,812.7,21240.0,378.0,1291.0,127.0,66.16
49,Липецкая область,2010,99.9,320.8,40.4,120.2,682.3,15936.0,682.6,21902.0,368.0,1134.0,87.0,68.59
50,Липецкая область,2015,83.1,340.7,42.5,117.7,671.0,27087.0,566.2,22283.0,328.0,1496.0,76.0,71.07
51,Липецкая область,2019,81.9,356.5,42.3,115.1,647.6,32535.0,479.7,20015.0,310.0,1167.0,76.0,73.34
52,Липецкая область,2020,83.2,353.2,41.2,113.3,643.6,32534.0,625.4,19704.0,322.0,1631.0,68.0,70.59
53,Липецкая область,2021,83.4,432.6,41.0,111.6,712.0,35124.0,735.7,18884.0,322.0,2097.0,65.0,68.58
54,Московская область,2005,110.5,259.1,34.7,82.8,595.5,7445.0,813.7,195025.0,167.0,1032.0,635.0,66.03
55,Московская область,2010,75.2,219.8,35.8,72.6,660.8,22641.0,624.2,224181.0,205.0,873.0,1309.0,69.13
56,Московская область,2015,75.7,214.3,38.0,79.9,707.5,38463.0,495.3,259804.0,221.0,1227.0,1078.0,72.26
57,Московская область,2019,81.7,242.4,42.6,78.5,687.5,47513.0,434.3,207485.0,189.0,555.0,870.0,73.86
58,Московская область,2020,84.0,239.7,46.5,81.3,751.6,47301.0,533.1,192674.0,203.0,600.0,853.0,71.67
59,Московская область,2021,72.1,248.1,46.3,80.7,825.0,53793.0,579.4,188323.0,171.0,494.0,901.0,70.35
60,Орловская область,2005,118.9,230.3,37.6,116.1,828.5,4857.0,910.9,21857.0,13.0,5.0,68.0,64.97
61,Орловская область,2010,102.1,254.2,39.9,114.7,873.9,13115.0,692.8,21857.0,23.0,6.0,50.0,68.4
62,Орловская область,2015,95.7,275.5,44.5,115.7,970.2,22104.0,625.3,21857.0,13.0,4.0,51.0,70.38
63,Орловская область,2019,88.2,291.1,44.8,115.9,1018.9,26184.0,507.9,21857.0,26.0,4.0,47.0,72.56
64,Орловская область,2020,78.0,293.4,45.2,115.6,1034.4,26990.0,646.2,21857.0,27.0,6.0,46.0,70.1
65,Орловская область,2021,78.4,299.4,45.5,113.3,1114.3,29846.0,688.0,21857.0,27.0,11.0,44.0,68.97
66,Рязанская область,2005,118.7,228.5,53.3,117.4,651.3,4775.0,1004.9,31931.0,141.0,454.0,20.0,64.11
67,Рязанская область,2010,99.2,236.5,56.8,113.9,701.7,13886.0,745.5,33642.0,134.0,538.0,89.0,67.81
68,Рязанская область,2015,79.1,253.8,47.9,108.5,695.0,23690.0,560.5,33873.0,98.0,765.0,82.0,71.46
69,Рязанская область,2019,76.7,266.2,52.6,110.8,730.4,26886.0,493.2,26174.0,102.0,532.0,75.0,73.2
70,Рязанская область,2020,77.1,273.8,54.0,108.5,707.0,27328.0,605.1,24274.0,77.0,273.0,71.0,70.95
71,Рязанская область,2021,77.5,588.9,55.0,108.8,776.6,30495.0,714.6,23381.0,97.0,1241.0,78.0,68.61
72,Смоленская область,2005,125.3,250.4,59.7,111.6,768.1,5483.0,1102.1,23632.0,34.0,146.0,90.0,62.24
73,Смоленская область,2010,110.3,262.0,59.7,105.6,764.9,14546.0,840.9,25578.0,48.0,112.0,73.0,66.59
74,Смоленская область,2015,98.5,281.4,50.1,106.0,685.6,23653.0,661.5,27754.0,59.0,107.0,58.0,69.74
75,Смоленская область,2019,94.7,302.5,51.6,101.9,702.3,27485.0,563.4,27251.0,53.0,103.0,46.0,71.89
76,Смоленская область,2020,94.4,303.8,51.0,99.9,686.3,28256.0,670.6,25002.0,58.0,259.0,45.0,70.1
77,Смоленская область,2021,94.3,308.6,50.7,97.6,750.8,30731.0,763.2,24211.0,55.0,215.0,43.0,68.0
78,Тамбовская область,2005,122.4,242.8,33.7,109.8,726.6,5292.0,867.3,16216.0,27.0,10.0,59.0,65.61
79,Тамбовская область,2010,100.3,250.5,34.0,107.3,706.2,13631.0,678.9,19063.0,46.0,10.0,13.0,69.22
80,Тамбовская область,2015,81.6,268.1,35.8,109.4,646.8,24865.0,564.4,18414.0,56.0,18.0,41.0,71.67
81,Тамбовская область,2019,76.1,289.0,40.3,110.6,614.5,28154.0,495.3,16022.0,73.0,14.0,43.0,73.56
82,Тамбовская область,2020,73.9,295.5,42.4,112.1,624.9,27892.0,586.4,15057.0,69.0,13.0,41.0,71.78
83,Тамбовская область,2021,74.9,296.5,45.1,115.0,718.9,30241.0,666.2,14114.0,68.0,12.0,43.0,69.88
84,Тверская область,2005,124.8,202.2,51.6,106.4,747.7,5606.0,1192.3,21857.0,43.0,19.0,79.0,61.55
85,Тверская область,2010,108.4,209.9,53.1,104.5,833.8,13873.0,879.0,21857.0,60.0,30.0,99.0,65.9
86,Тверская область,2015,95.3,219.6,43.4,101.2,903.1,23672.0,723.3,21857.0,60.0,28.0,84.0,69.1
87,Тверская область,2019,92.4,242.3,45.4,96.9,867.3,27212.0,598.4,21857.0,67.0,53.0,68.0,71.24
88,Тверская область,2020,92.0,239.9,45.9,94.2,822.9,27692.0,693.1,21857.0,97.0,51.0,66.0,69.76
89,Тверская область,2021,93.7,245.0,46.8,95.2,933.7,30528.0,807.5,21857.0,63.0,160.0,73.0,67.87
90,Тульская область,2005,138.4,229.2,33.9,114.7,737.3,4988.0,1128.8,35768.0,148.0,425.0,252.0,62.97
91,Тульская область,2010,106.2,244.2,33.1,102.8,726.6,15349.0,811.4,37821.0,167.0,597.0,196.0,67.11
92,Тульская область,2015,87.2,252.5,35.2,101.1,719.7,25460.0,660.0,35991.0,149.0,494.0,164.0,70.06
93,Тульская область,2019,88.4,272.5,38.5,100.7,727.7,28561.0,559.6,31459.0,107.0,727.0,154.0,72.21
94,Тульская область,2020,86.1,274.1,39.9,100.6,741.7,29396.0,665.7,27483.0,119.0,615.0,152.0,70.2
95,Тульская область,2021,87.3,276.3,41.1,98.4,813.9,32131.0,723.9,25721.0,116.0,424.0,135.0,68.97
96,Ярославская область,2005,131.2,257.0,58.1,110.4,902.6,6321.0,1031.0,21857.0,93.0,60.0,287.0,63.93
97,Ярославская область,2010,115.2,273.3,62.9,109.0,906.6,14491.0,714.2,21857.0,81.0,53.0,240.0,68.39
98,Ярославская область,2015,94.3,267.6,52.7,106.2,857.5,26613.0,585.1,21857.0,91.0,51.0,201.0,70.98
99,Ярославская область,2019,86.9,269.0,50.3,93.7,924.9,28667.0,506.8,21857.0,92.0,16.0,169.0,72.92
100,Ярославская область,2020,91.5,290.5,55.2,95.0,818.6,29527.0,616.2,21857.0,84.0,19.0,159.0,70.94
101,Ярославская область,2021,96.4,294.7,54.4,95.6,955.3,33124.0,701.9,21857.0,87.0,15.0,148.0,69.07
102,г. Москва,2005,96.0,335.2,72.7,90.8,679.6,24014.0,485.4,1221514.0,89.0,87.0,1959.0,71.59
103,г. Москва,2010,93.4,322.5,77.7,99.4,696.6,44051.0,389.3,1161505.0,63.0,74.0,909.0,74.15
104,г. Москва,2015,67.6,313.7,55.7,90.8,631.4,60535.0,340.7,1171307.0,63.0,42.0,818.0,76.77
105,г. Москва,2019,65.1,309.1,61.2,83.8,658.2,75891.0,313.5,720314.0,75.0,93.0,820.0,78.36
106,г. Москва,2020,71.6,328.0,69.9,90.3,632.6,78106.0,374.0,620458.0,60.0,117.0,799.0,76.2
107,г. Москва,2021,63.5,354.6,72.9,89.0,715.8,88831.0,423.2,569398.0,63.0,182.0,807.0,74.55
108,Республика Карелия,2005,120.9,243.1,50.5,131.3,1027.1,7278.0,1191.9,21857.0,129.0,154.0,205.0,61.84
109,Республика Карелия,2010,106.0,248.9,50.4,128.0,1078.8,16046.0,908.0,21857.0,108.0,140.0,190.0,66.42
110,Республика Карелия,2015,77.9,274.3,48.4,114.5,1114.3,25859.0,749.7,21857.0,96.0,72.0,205.0,69.16
111,Республика Карелия,2019,74.9,298.1,51.7,114.2,1165.7,30854.0,618.7,21857.0,122.0,98.0,222.0,71.46
112,Республика Карелия,2020,78.4,298.3,52.9,110.7,1067.7,32596.0,744.2,21857.0,129.0,129.0,171.0,69.63
113,Республика Карелия,2021,76.2,306.0,53.5,108.4,1246.9,35173.0,853.1,21857.0,136.0,149.0,121.0,67.31
114,Республика Коми,2005,115.4,343.4,45.0,139.3,960.4,11452.0,1069.3,21812.0,671.0,323.0,133.0,62.12
115,Республика Коми,2010,111.7,367.9,47.5,145.6,1035.2,22260.0,796.6,23290.0,595.0,363.0,117.0,66.87
116,Республика Коми,2015,103.3,397.2,48.4,153.4,1072.0,31221.0,701.1,21569.0,612.0,364.0,117.0,69.4
117,Республика Коми,2019,97.6,409.5,51.4,143.7,1082.0,35428.0,608.3,16757.0,392.0,322.0,269.0,71.3
118,Республика Коми,2020,96.4,407.0,51.0,143.6,924.3,36687.0,658.3,15563.0,350.0,274.0,171.0,70.3
119,Республика Коми,2021,90.8,426.8,50.1,142.3,1043.8,38880.0,748.6,14143.0,370.0,282.0,176.0,68.32
120,Ненецкий автономный округ,2005,126.4,205.9,39.1,89.2,1632.4,21502.0,893.9,982.0,56.0,549.6728888888889,1.2,62.97
121,Ненецкий автономный округ,2010,122.3,262.4,44.4,114.0,1813.8,52270.0,908.1,1145.0,282.0,549.6728888888889,0.3,64.92
122,Ненецкий автономный округ,2015,107.2,266.7,46.5,126.8,1421.4,72146.0,590.0,1147.0,102.0,549.6728888888889,0.0,71.0
123,Ненецкий автономный округ,2019,79.3,273.4,51.5,140.8,1386.2,81041.0,578.3,974.0,67.0,549.6728888888889,0.1,73.19
124,Ненецкий автономный округ,2020,74.1,303.0,51.1,128.9,1179.0,84171.0,629.2,936.0,59.0,549.6728888888889,0.1,70.4
125,Ненецкий автономный округ,2021,74.3,261.3,53.2,124.6,1188.0,86431.0,565.4,951.0,56.0,549.6728888888889,0.0,69.39
126,Архангельская область без автономного округа,2005,122.4,342.6,53.7,142.9,903.0,25860.23717948718,653.9928240740738,23797.0,259.0,549.6728888888889,464.0,69.34333333333336
127,Архангельская область без автономного округа,2010,101.9,358.5,57.0,139.6,1021.4,25860.23717948718,653.9928240740738,25344.0,263.0,549.6728888888889,415.0,69.34333333333336
128,Архангельская область без автономного округа,2015,97.4,383.3,53.5,137.9,1015.9,25860.23717948718,653.9928240740738,25049.0,158.0,549.6728888888889,330.0,69.34333333333336
129,Архангельская область без автономного округа,2019,84.0,405.6,55.6,126.9,980.2,25860.23717948718,653.9928240740738,20009.0,137.0,549.6728888888889,323.0,69.34333333333336
130,Архангельская область без автономного округа,2020,80.8,405.9,55.0,125.1,945.6,25860.23717948718,653.9928240740738,18936.0,131.0,549.6728888888889,321.0,69.34333333333336
131,Архангельская область без автономного округа,2021,83.0,417.9,55.6,121.7,1028.0,25860.23717948718,653.9928240740738,17772.0,141.0,549.6728888888889,293.0,69.34333333333336
132,Вологодская область,2005,116.8,276.7,35.3,120.2,803.1,6345.0,1045.7,31420.0,478.0,1636.0,172.0,63.18
133,Вологодская область,2010,89.5,287.4,34.6,115.9,886.3,14115.0,803.8,38566.0,474.0,1773.0,152.0,67.08
134,Вологодская область,2015,84.3,300.9,35.2,110.8,889.4,24991.0,623.8,45435.0,461.0,1326.0,145.0,70.4
135,Вологодская область,2019,77.0,309.6,35.5,108.6,996.3,28418.0,548.2,36136.0,413.0,697.0,78.0,71.82
136,Вологодская область,2020,77.1,315.7,36.1,108.1,948.1,29682.0,632.3,34632.0,377.0,826.0,67.0,70.71
137,Вологодская область,2021,77.0,321.7,35.7,106.9,1101.8,31851.0,697.8,33554.0,380.0,822.0,67.0,69.08
138,Калининградская область,2005,105.0,217.2,35.7,83.7,702.7,6481.0,653.9928240740738,21857.0,28.0,5.0,139.0,61.48
139,Калининградская область,2010,78.0,218.3,34.5,77.5,799.9,16040.0,653.9928240740738,21857.0,29.0,13.0,88.0,68.75
140,Калининградская область,2015,88.4,260.7,44.6,88.1,701.5,25510.0,653.9928240740738,21857.0,20.0,26.0,107.0,70.58
141,Калининградская область,2019,81.5,274.5,46.5,85.0,748.8,29098.0,653.9928240740738,21857.0,23.0,27.0,107.0,73.56
142,Калининградская область,2020,77.8,268.5,46.6,82.8,690.8,29621.0,653.9928240740738,21857.0,21.0,55.0,105.0,72.93
143,Калининградская область,2021,77.7,267.7,48.4,82.5,773.5,32010.0,653.9928240740738,21857.0,23.0,65.0,91.0,70.99
144,Ленинградская область,2005,88.8,245.6,30.6,73.6,518.7,5687.0,1125.6,21857.0,210.9077922077922,549.6728888888889,356.0,62.43
145,Ленинградская область,2010,73.7,241.5,34.4,75.8,548.5,14798.0,744.4,21857.0,210.9077922077922,549.6728888888889,291.0,68.09
146,Ленинградская область,2015,66.0,244.3,33.6,75.4,617.0,25541.0,587.4,21857.0,210.9077922077922,549.6728888888889,269.0,71.23
147,Ленинградская область,2019,61.4,255.9,37.1,73.5,692.0,32371.0,511.1,21857.0,210.9077922077922,549.6728888888889,248.0,73.64
148,Ленинградская область,2020,59.6,256.1,37.1,71.5,678.6,33235.0,593.0,21857.0,210.9077922077922,549.6728888888889,245.0,71.53
149,Ленинградская область,2021,61.3,261.0,38.1,71.0,746.0,36847.0,632.8,21857.0,210.9077922077922,549.6728888888889,246.0,70.17
150,Мурманская область,2005,115.9,267.2,50.1,138.9,799.3,10624.0,927.9,21857.0,301.0,1818.0,394.0,63.83
151,Мурманская область,2010,124.7,297.9,57.4,152.2,891.9,24047.0,689.6,21857.0,288.0,2225.0,339.0,68.43
152,Мурманская область,2015,103.8,293.3,53.3,146.0,835.5,36747.0,635.4,21857.0,276.0,1789.0,328.0,70.24
153,Мурманская область,2019,95.3,300.3,51.7,131.5,823.1,44261.0,556.2,21857.0,231.0,1181.0,266.0,71.75
154,Мурманская область,2020,103.6,302.0,51.1,130.1,783.1,46621.0,664.1,21857.0,199.0,1715.0,127.0,69.81
155,Мурманская область,2021,100.4,307.4,51.0,128.7,920.2,51183.0,719.0,21857.0,134.0,1627.0,131.0,68.29
156,Новгородская область,2005,128.2,290.7,39.2,109.1,834.6,5476.0,1191.8,21857.0,55.0,88.0,78.0,61.76
157,Новгородская область,2010,98.6,320.5,41.3,114.6,881.7,15599.0,959.9,21857.0,46.0,89.0,97.0,65.04
158,Новгородская область,2015,83.0,330.3,43.0,109.6,896.5,25631.0,757.5,21857.0,70.0,129.0,76.0,68.7
159,Новгородская область,2019,81.8,339.6,43.4,102.0,841.9,26193.0,659.5,21857.0,61.0,176.0,25.0,70.52
160,Новгородская область,2020,81.3,396.3,42.5,99.5,779.7,26431.0,720.7,21857.0,63.0,189.0,23.0,69.59
161,Новгородская область,2021,80.1,404.8,43.2,96.8,868.3,29229.0,804.7,21857.0,66.0,197.0,23.0,67.64
162,Псковская область,2005,133.2,241.7,34.7,114.7,595.6,4927.0,1327.2,17494.0,17.0,5.0,61.0,60.2
163,Псковская область,2010,103.4,258.4,34.6,109.0,677.2,12798.0,978.2,15986.0,22.0,8.0,52.0,64.59
164,Псковская область,2015,85.5,267.5,34.1,106.4,660.6,21524.0,719.4,16451.0,27.0,16.0,35.0,68.48
165,Псковская область,2019,94.2,291.1,31.0,96.8,708.6,25525.0,624.6,13597.0,40.0,23.0,35.0,70.65
166,Псковская область,2020,94.4,311.2,32.4,98.1,658.6,26444.0,733.8,12050.0,37.0,17.0,34.0,69.13
167,Псковская область,2021,89.1,309.4,33.6,96.9,764.2,29332.0,803.7,11787.0,39.0,14.0,33.0,67.69
168,г. Санкт-Петербург,2005,97.6,328.3,80.0,103.7,724.9,12264.0,731.8,21857.0,53.0,63.0,1188.0,68.03
169,г. Санкт-Петербург,2010,89.3,314.7,84.8,99.4,857.1,24824.0,488.8,21857.0,57.0,109.0,1346.0,72.06
170,г. Санкт-Петербург,2015,85.7,309.4,73.8,111.5,931.5,37428.0,414.2,21857.0,73.0,94.0,1023.0,74.42
171,г. Санкт-Петербург,2019,83.5,356.5,84.9,109.2,1003.6,47472.0,358.3,21857.0,67.0,7987.0,975.0,76.31
172,г. Санкт-Петербург,2020,82.8,354.6,89.3,110.9,990.2,49375.0,440.4,21857.0,67.0,38.0,971.0,73.99
173,г. Санкт-Петербург,2021,84.7,374.2,91.6,110.3,1200.6,57745.0,494.8,21857.0,72.0,33.0,998.0,72.51
174,Республика Адыгея,2005,111.1,241.0,37.6,106.9,628.7,3893.0,633.1,7093.0,2.0,6.0,24.0,68.07
175,Республика Адыгея,2010,96.0,244.2,37.9,108.4,694.8,12279.0,564.8,7140.0,4.0,5.0,29.0,69.95
176,Республика Адыгея,2015,75.1,243.7,37.9,99.2,659.4,23028.0,476.3,7688.0,11.0,6.0,26.0,72.22
177,Республика Адыгея,2019,69.2,255.9,39.0,92.4,650.4,29139.0,399.2,6756.0,6.0,4.0,23.0,73.85
178,Республика Адыгея,2020,67.9,264.1,39.4,92.1,656.6,30320.0,450.1,6332.0,8.0,6.0,24.0,73.27
179,Республика Адыгея,2021,67.5,259.2,39.5,89.4,720.0,34901.0,528.7,6059.0,8.0,2.0,24.0,71.22
180,Республика Калмыкия,2005,133.8,255.6,48.7,134.6,700.6,2392.0,615.0,17330.0,3.0,0.4,36.0,67.24
181,Республика Калмыкия,2010,95.0,241.2,46.7,118.4,680.0,7774.0,549.0,8223.0,3.0,0.2,29.0,69.35
182,Республика Калмыкия,2015,86.2,271.2,53.3,113.1,658.5,15276.0,472.5,5433.0,3.0,0.3,12.0,72.15
183,Республика Калмыкия,2019,78.8,278.4,50.2,108.3,743.2,18508.0,401.3,3773.0,6.0,0.1,18.0,74.84
184,Республика Калмыкия,2020,77.3,282.9,49.9,107.0,650.8,19816.0,445.1,3676.0,3.0,0.4,15.0,72.93
185,Республика Калмыкия,2021,79.4,302.4,49.4,104.9,753.2,21319.0,509.0,3697.0,4.0,0.2800000000000001,6.0,71.4
186,Краснодарский край,2005,96.0,210.2,42.3,92.2,555.6,5545.0,677.4,21857.0,113.0,550.0,795.0,67.55
187,Краснодарский край,2010,81.7,219.9,41.9,90.8,575.5,16892.0,522.5,21857.0,139.0,697.0,863.0,70.95
188,Краснодарский край,2015,73.9,224.3,40.0,90.4,649.5,31304.0,476.1,21857.0,191.0,1229.0,858.0,72.53
189,Краснодарский край,2019,73.5,233.4,43.3,89.4,723.0,36604.0,436.6,21857.0,432.0,1095.0,732.0,73.91
190,Краснодарский край,2020,73.0,231.6,45.2,91.1,665.4,37352.0,510.9,21857.0,415.0,1141.0,519.0,72.24
191,Краснодарский край,2021,74.8,237.3,45.2,88.6,731.1,43217.0,581.8,21857.0,435.0,1019.0,672.0,70.53
192,Астраханская область,2005,117.2,290.3,65.7,118.1,705.9,5636.0,804.6,21857.0,131.0,22.0,68.0,65.36
193,Астраханская область,2010,101.8,281.4,68.2,115.2,744.4,14697.0,614.0,21857.0,125.0,15.0,69.0,69.08
194,Астраханская область,2015,94.0,271.1,60.8,122.9,620.6,23832.0,537.3,21857.0,119.0,6.0,41.0,71.36
195,Астраханская область,2019,86.0,276.1,61.2,111.7,611.9,24971.0,422.0,21857.0,104.0,23.0,36.0,73.86
196,Астраханская область,2020,86.7,281.3,62.1,115.1,608.3,25206.0,500.3,21857.0,112.0,27.0,30.0,72.01
197,Астраханская область,2021,82.7,287.7,59.4,113.2,746.3,26833.0,579.5,21857.0,91.0,15.0,34.0,69.9
198,Волгоградская область,2005,119.4,238.4,48.1,101.0,716.7,5908.0,722.5,63277.0,221.0,378.0,204.0,67.02
199,Волгоградская область,2010,109.0,255.1,50.5,99.8,710.2,13775.0,585.1,56467.0,201.0,232.0,186.0,69.66
200,Волгоградская область,2015,89.5,262.5,43.9,106.3,644.3,22103.0,515.8,55720.0,160.0,213.0,104.0,71.98
201,Волгоградская область,2019,88.2,266.7,45.3,97.2,691.6,24160.0,438.2,38344.0,144.0,140.0,85.0,74.07
202,Волгоградская область,2020,87.3,271.2,45.7,94.8,675.1,24995.0,519.8,35512.0,175.0,110.0,92.0,71.98
203,Волгоградская область,2021,87.6,272.1,45.0,92.3,742.1,27677.0,586.5,33715.0,223.0,120.0,89.0,69.96
204,Ростовская область,2005,100.6,223.1,37.5,88.3,795.3,6360.0,686.0,107115.0,146.0,720.0,282.0,66.99
205,Ростовская область,2010,87.2,231.0,38.6,91.8,790.4,14647.0,581.9,90703.0,176.0,869.0,270.0,69.72
206,Ростовская область,2015,81.4,238.1,37.7,91.1,801.2,25825.0,496.7,91701.0,165.0,978.0,238.0,71.9
207,Ростовская область,2019,79.3,242.2,37.1,88.2,821.2,30866.0,428.7,82455.0,158.0,849.0,202.0,73.69
208,Ростовская область,2020,78.3,246.1,38.7,87.6,746.9,31519.0,493.0,75575.0,175.0,730.0,188.0,72.04
209,Ростовская область,2021,78.6,256.8,39.1,85.4,894.6,35041.0,579.9,70966.0,177.0,861.0,198.0,69.79
210,Республика Дагестан,2005,66.9,113.4,37.4,79.1,844.4,4388.0,245.9,37456.0,27.0,2.0,78.0,73.13
211,Республика Дагестан,2010,67.8,118.9,39.2,81.6,786.9,15678.0,241.5,28034.0,18.0,2.0,77.0,73.87
212,Республика Дагестан,2015,68.0,115.0,36.7,85.5,788.8,26764.0,203.7,34012.0,11.0,1.0,79.0,76.39
213,Республика Дагестан,2019,66.6,119.6,41.3,89.6,776.6,27410.0,159.1,30896.0,13.0,31.0,73.0,79.1
214,Республика Дагестан,2020,70.0,242.5,41.4,89.9,705.3,27666.0,205.5,29818.0,10.0,4.0,75.0,76.43
215,Республика Дагестан,2021,65.0,115.8,40.9,88.4,729.7,30260.0,211.2,29141.0,11.0,12.0,75.0,76.59
216,Республика Ингушетия ,2005,46.6,136.6,27.0,63.6,553.0,25860.23717948718,212.5,8020.0,1.0,0.2,166.34758771929825,73.45
217,Республика Ингушетия ,2010,49.6,139.0,33.8,70.1,827.9,25860.23717948718,231.4,4004.0,1.0,0.0,166.34758771929825,74.71
218,Республика Ингушетия ,2015,48.9,149.3,39.4,83.5,751.7,25860.23717948718,152.0,5576.0,0.4,0.1,166.34758771929825,80.05
219,Республика Ингушетия ,2019,44.1,201.7,44.4,80.1,548.6,25860.23717948718,142.0,5378.0,8.0,0.10000000000000002,166.34758771929825,83.4
220,Республика Ингушетия ,2020,48.7,200.3,44.7,86.6,549.2,25860.23717948718,183.7,5256.0,2.0,0.10000000000000002,166.34758771929825,81.48
221,Республика Ингушетия ,2021,45.8,133.0,44.9,86.3,557.1,25860.23717948718,174.0,5326.0,2.0,0.10000000000000002,166.34758771929825,80.52
222,Кабардино-Балкарская Республика,2005,103.7,181.2,44.1,110.8,387.7,4190.0,499.7,21857.0,2.0,2.0,47.0,68.9
223,Кабардино-Балкарская Республика,2010,97.3,183.9,44.0,108.9,399.8,11290.0,401.7,21857.0,3.0,2.0,33.0,72.11
224,Кабардино-Балкарская Республика,2015,84.5,208.1,43.7,104.2,466.2,18976.0,341.1,21857.0,3.0,1.0,28.0,74.61
225,Кабардино-Балкарская Республика,2019,81.5,221.1,46.9,108.1,433.3,21475.0,280.4,21857.0,3.0,0.1,31.0,76.46
226,Кабардино-Балкарская Республика,2020,77.8,221.3,48.1,108.6,455.8,22016.0,352.3,21857.0,3.0,0.1,29.0,74.37
227,Кабардино-Балкарская Республика,2021,72.5,222.8,47.4,107.2,459.5,25929.0,366.0,21857.0,5.0,0.1,28.0,73.77
228,Карачаево-Черкесская Республика,2005,97.2,187.2,33.1,108.7,465.4,4084.0,492.0,21857.0,16.0,219.0,53.0,69.61
229,Карачаево-Черкесская Республика,2010,86.0,179.0,33.0,105.2,449.4,10878.0,396.2,21857.0,20.0,303.0,51.0,72.44
230,Карачаево-Черкесская Республика,2015,74.1,230.0,38.9,110.2,690.3,17810.0,353.6,21857.0,15.0,201.0,42.0,74.44
231,Карачаево-Черкесская Республика,2019,68.7,232.5,41.7,111.9,781.3,18977.0,315.5,21857.0,15.0,244.0,43.0,76.21
232,Карачаево-Черкесская Республика,2020,83.5,229.4,42.3,109.9,803.3,19101.0,348.9,21857.0,16.0,239.0,43.0,74.82
233,Карачаево-Черкесская Республика,2021,74.2,235.7,43.2,108.2,873.7,20473.0,387.8,21857.0,14.0,7.0,48.0,73.47
234,Республика Северная Осетия – Алания,2005,101.6,260.0,66.1,100.4,598.8,4669.0,653.9928240740738,21857.0,6.0,235.0,96.0,69.6
235,Республика Северная Осетия – Алания,2010,100.1,218.0,70.8,103.8,646.5,13193.0,653.9928240740738,21857.0,6.0,215.0,82.0,72.65
236,Республика Северная Осетия – Алания,2015,88.6,264.8,64.5,111.1,707.3,21804.0,653.9928240740738,21857.0,5.0,151.0,88.0,74.2
237,Республика Северная Осетия – Алания,2019,87.5,275.6,68.2,110.0,629.5,24522.0,653.9928240740738,21857.0,7.0,13.0,90.0,75.75
238,Республика Северная Осетия – Алания,2020,96.4,276.6,69.9,109.4,636.6,23963.0,653.9928240740738,21857.0,10.0,4.0,91.0,74.08
239,Республика Северная Осетия – Алания,2021,78.6,274.8,68.2,103.4,606.3,25885.0,653.9928240740738,21857.0,10.0,4.0,90.0,72.47
240,Чеченская Республика ,2005,65.13999999999999,186.66000000000003,29.939999999999998,110.96280487804881,461.76000000000005,25860.23717948718,293.8,7277.0,58.0,0.0,166.34758771929825,72.07
241,Чеченская Республика ,2010,82.5,191.5,28.3,110.96280487804881,493.1,25860.23717948718,270.3,10108.0,25.0,0.0,166.34758771929825,71.55
242,Чеченская Республика ,2015,61.6,183.6,27.0,110.96280487804881,604.7,25860.23717948718,224.4,9876.0,21.0,1.0,166.34758771929825,73.45
243,Чеченская Республика ,2019,57.3,192.8,29.4,110.96280487804881,395.7,25860.23717948718,164.6,10178.0,16.0,1.0,166.34758771929825,75.88
244,Чеченская Республика ,2020,62.9,181.2,32.2,110.96280487804881,309.0,25860.23717948718,232.7,9515.0,16.0,1.0,166.34758771929825,72.11
245,Чеченская Республика ,2021,61.4,184.2,32.8,110.96280487804881,506.3,25860.23717948718,220.7,9511.0,16.0,0.6,166.34758771929825,73.0
246,Ставропольский край,2005,88.6,177.7,44.9,90.5,495.2,5117.0,612.5,21857.0,75.0,72.0,220.0,67.76
247,Ставропольский край,2010,77.8,196.2,39.5,92.2,527.9,13016.0,474.4,21857.0,66.0,68.0,144.0,71.01
248,Ставропольский край,2015,80.2,203.6,41.3,97.0,560.2,21244.0,390.3,21857.0,85.0,61.0,123.0,73.36
249,Ставропольский край,2019,81.9,246.2,44.2,100.4,682.0,24393.0,357.9,21857.0,102.0,78.0,159.0,74.66
250,Ставропольский край,2020,89.4,234.4,46.1,102.3,710.3,24187.0,420.8,21857.0,110.0,64.0,165.0,73.2
251,Ставропольский край,2021,82.4,246.4,46.7,103.2,827.6,26190.0,473.3,21857.0,124.0,69.0,116.0,71.66
252,Республика Башкортостан,2005,96.4,235.1,41.7,111.8,807.0,6887.0,701.7,21857.0,411.0,836.0,388.0,66.59
253,Республика Башкортостан,2010,86.2,239.9,42.2,110.9,894.5,17499.0,627.5,21857.0,388.0,495.0,341.0,68.89
254,Республика Башкортостан,2015,80.1,256.6,40.2,112.2,849.8,27320.0,639.9,21857.0,435.0,945.0,277.0,70.08
255,Республика Башкортостан,2019,77.6,264.9,43.4,104.4,856.4,30603.0,511.7,21857.0,471.0,320.0,236.0,72.64
256,Республика Башкортостан,2020,79.7,276.0,44.8,103.8,916.4,30409.0,611.3,21857.0,441.0,311.0,210.0,70.36
257,Республика Башкортостан,2021,78.0,271.5,44.6,102.9,1035.0,32621.0,642.2,21857.0,449.0,317.0,207.0,69.49
258,Республика Марий Эл,2005,124.7,304.5,34.1,121.9,743.3,3376.0,950.6,21857.0,29.0,7.0,64.0,63.53
259,Республика Марий Эл,2010,111.5,292.3,33.5,119.5,864.0,10336.0,735.8,21857.0,33.0,10.0,60.0,67.34
260,Республика Марий Эл,2015,90.3,311.4,34.8,105.9,915.0,18550.0,668.3,21857.0,22.0,10.0,49.0,69.8
261,Республика Марий Эл,2019,78.3,319.2,36.2,102.9,995.7,20877.0,510.2,21857.0,37.0,11.0,50.0,72.9
262,Республика Марий Эл,2020,81.0,319.9,36.4,101.7,904.8,21271.0,589.3,21857.0,55.0,10.0,51.0,71.05
263,Республика Марий Эл,2021,82.1,327.3,37.0,99.3,1002.3,23185.0,676.7,21857.0,39.0,12.0,29.0,69.46
264,Республика Мордовия,2005,125.7,201.5,51.4,129.2,681.8,4103.0,744.4,21857.0,37.0,485.0,53.0,66.66
265,Республика Мордовия,2010,105.9,213.6,51.8,119.1,725.7,11294.0,613.2,21857.0,34.0,450.0,46.0,69.25
266,Республика Мордовия,2015,81.5,244.4,53.7,115.4,683.7,17588.0,525.9,21857.0,32.0,381.0,30.0,72.06
267,Республика Мордовия,2019,78.8,265.5,53.4,108.7,678.8,19748.0,436.1,21857.0,51.0,324.0,5.5,73.95
268,Республика Мордовия,2020,80.5,276.7,54.6,109.0,694.5,20635.0,544.0,21857.0,59.0,323.0,5.2,71.6
269,Республика Мордовия,2021,79.4,278.4,56.0,107.7,767.4,22906.0,623.5,21857.0,53.0,368.0,5.0,70.24
270,Республика Татарстан,2005,107.1,226.8,44.9,114.2,804.5,7383.0,674.6,21857.0,240.0,311.0,529.0,67.93
271,Республика Татарстан,2010,77.6,223.9,44.2,106.5,846.2,18424.0,550.5,21857.0,263.0,329.0,490.0,70.42
272,Республика Татарстан,2015,65.8,238.3,40.6,111.9,804.2,32404.0,477.1,21857.0,294.0,437.0,382.0,72.81
273,Республика Татарстан,2019,63.1,240.5,42.8,110.6,799.0,35733.0,392.7,21857.0,290.0,261.0,286.0,75.03
274,Республика Татарстан,2020,63.9,242.6,44.3,110.7,800.6,35694.0,477.6,21857.0,325.0,252.0,276.0,72.61
275,Республика Татарстан,2021,64.0,241.5,44.4,109.6,838.6,39679.0,526.5,21857.0,323.0,241.0,263.0,71.28
276,Удмуртская Республика,2005,125.1,260.2,56.9,125.4,893.7,4657.0,870.1,21857.0,143.0,35.0,28.0,64.43
277,Удмуртская Республика,2010,102.0,278.5,58.5,122.2,958.0,12984.0,696.2,21857.0,101.0,18.0,105.0,68.1
278,Удмуртская Республика,2015,92.8,278.4,55.3,129.0,968.2,24255.0,606.5,21857.0,148.0,75.0,133.0,70.46
279,Удмуртская Республика,2019,74.5,325.2,49.6,101.6,913.3,25066.0,505.4,21857.0,197.0,69.0,93.0,72.8
280,Удмуртская Республика,2020,76.7,346.4,51.2,101.8,851.7,25460.0,584.4,21857.0,131.0,88.0,77.0,71.03
281,Удмуртская Республика,2021,78.0,306.6,52.3,100.1,911.9,27650.0,622.1,21857.0,145.0,92.0,75.0,69.99
282,Чувашская Республика,2005,112.2,296.1,47.6,118.5,858.6,3958.0,757.0,22464.0,38.0,44.0,121.0,66.34
283,Чувашская Республика,2010,89.4,300.8,47.6,114.9,936.9,11066.0,674.1,23904.0,31.0,14.0,86.0,68.54
284,Чувашская Республика,2015,83.7,324.1,49.3,114.0,983.4,18141.0,588.1,26017.0,27.0,12.0,37.0,71.35
285,Чувашская Республика,2019,81.3,338.2,49.5,108.7,864.7,20162.0,506.3,22051.0,37.0,7.0,73.0,73.44
286,Чувашская Республика,2020,85.5,345.4,50.6,107.6,828.1,21164.0,620.0,20523.0,25.0,7.0,58.0,71.03
287,Чувашская Республика,2021,81.4,350.4,51.6,107.5,881.0,23619.0,663.6,20124.0,27.0,8.0,59.0,69.99
288,Пермский край,2005,118.6,198.9,55.1,117.3,894.4,8273.0,1065.2,21857.0,448.0,2036.0,317.0,62.28
289,Пермский край,2010,87.3,210.6,54.2,109.8,931.3,19834.0,800.0,21857.0,325.0,1196.0,313.0,66.57
290,Пермский край,2015,86.3,219.5,49.2,103.6,979.7,31606.0,678.2,21857.0,299.0,977.0,383.0,69.09
291,Пермский край,2019,78.7,227.1,50.6,100.1,921.8,30618.0,581.8,21857.0,293.0,1202.0,210.0,71.32
292,Пермский край,2020,74.3,228.5,50.4,98.9,862.5,30237.0,659.3,21857.0,281.0,982.0,194.0,69.59
293,Пермский край,2021,75.4,230.0,49.2,96.3,974.9,32747.0,711.3,21857.0,275.0,990.0,157.0,68.52
294,Кировская область,2005,150.2,243.1,46.3,137.1,739.9,4644.0,967.9,21857.0,91.0,97.0,132.0,64.12
295,Кировская область,2010,111.1,254.1,48.9,129.9,804.5,13331.0,717.1,21857.0,102.0,131.0,205.0,68.24
296,Кировская область,2015,90.1,280.2,44.4,120.0,756.7,21565.0,604.6,21857.0,96.0,194.0,132.0,71.11
297,Кировская область,2019,87.7,288.6,48.5,113.0,761.6,23684.0,508.4,21857.0,89.0,139.0,111.0,72.96
298,Кировская область,2020,88.5,288.8,49.7,110.8,778.2,24292.0,580.8,21857.0,87.0,183.0,110.0,71.42
299,Кировская область,2021,90.1,295.3,49.5,109.5,910.8,26649.0,653.5,21857.0,89.0,147.0,82.0,69.73
300,Нижегородская область ,2005,128.5,239.2,44.5,104.7,739.5,6057.0,653.9928240740738,21857.0,210.9077922077922,549.6728888888889,166.34758771929825,63.42
301,Нижегородская область ,2010,102.9,255.6,47.6,109.8,855.2,16477.0,653.9928240740738,21857.0,210.9077922077922,549.6728888888889,166.34758771929825,67.01
302,Нижегородская область ,2015,89.1,290.3,47.4,113.6,912.1,30003.0,653.9928240740738,21857.0,210.9077922077922,549.6728888888889,166.34758771929825,70.17
303,Нижегородская область ,2019,88.2,298.5,48.3,107.8,912.9,33874.0,653.9928240740738,21857.0,210.9077922077922,549.6728888888889,166.34758771929825,72.32
304,Нижегородская область ,2020,89.3,295.1,48.4,105.9,853.1,33814.0,653.9928240740738,21857.0,210.9077922077922,549.6728888888889,166.34758771929825,70.33
305,Нижегородская область ,2021,90.6,304.8,49.3,105.6,981.8,37524.0,653.9928240740738,21857.0,210.9077922077922,549.6728888888889,166.34758771929825,68.93
306,Оренбургская область,2005,127.1,255.2,50.2,129.9,891.4,5122.0,810.4,21857.0,906.0,796.0,149.0,64.86
307,Оренбургская область,2010,103.1,270.0,52.2,130.5,857.0,13557.0,693.5,21857.0,617.0,764.0,122.0,67.95
308,Оренбургская область,2015,86.5,271.5,46.9,126.5,779.0,22943.0,660.4,21857.0,490.0,632.0,109.0,69.63
309,Оренбургская область,2019,77.5,290.5,46.4,118.6,774.0,24497.0,546.5,21857.0,452.0,527.0,96.0,72.04
310,Оренбургская область,2020,78.4,292.2,46.5,116.5,737.8,24731.0,648.8,21857.0,405.0,497.0,94.0,69.73
311,Оренбургская область,2021,76.2,302.5,45.9,113.9,844.3,26518.0,709.5,21857.0,433.0,826.0,97.0,68.21
312,Пензенская область,2005,104.9,209.9,37.0,115.9,848.8,4355.0,848.2,24143.0,24.0,38.0,139.0,65.61
313,Пензенская область,2010,91.4,217.3,39.2,111.6,760.5,12920.0,628.5,27185.0,22.0,22.0,111.0,69.28
314,Пензенская область,2015,81.2,234.2,38.9,106.1,747.0,21453.0,524.2,27836.0,39.0,322.0,92.0,72.12
315,Пензенская область,2019,80.5,259.3,42.6,105.3,716.0,22990.0,486.8,23268.0,28.0,1053.0,91.0,73.61
316,Пензенская область,2020,80.5,261.4,45.0,107.3,741.6,24135.0,579.6,22264.0,33.0,1072.0,96.0,71.34
317,Пензенская область,2021,81.2,270.7,46.1,106.5,795.2,26415.0,652.6,21649.0,29.0,909.0,97.0,69.97
318,Самарская область,2005,87.0,225.1,48.2,97.4,855.3,9264.0,789.2,21857.0,321.0,487.0,465.0,66.05
319,Самарская область,2010,82.1,239.0,47.7,93.2,944.5,20223.0,688.3,21857.0,308.0,367.0,397.0,68.13
320,Самарская область,2015,78.4,247.0,45.4,96.2,1033.7,27914.0,629.8,21857.0,261.0,400.0,366.0,70.35
321,Самарская область,2019,72.9,262.1,48.8,93.5,881.0,29422.0,523.9,21857.0,254.0,429.0,366.0,72.77
322,Самарская область,2020,74.6,268.5,49.4,92.6,822.9,29973.0,611.5,21857.0,255.0,463.0,358.0,70.45
323,Самарская область,2021,74.4,270.7,49.2,91.7,923.4,32663.0,669.0,21857.0,235.0,224.0,359.0,69.33
324,Саратовская область,2005,105.5,240.3,52.7,113.2,688.4,5056.0,804.2,21857.0,182.0,380.0,237.0,65.87
325,Саратовская область,2010,91.3,250.7,52.0,110.8,749.6,12147.0,638.8,21857.0,95.0,501.0,24.0,68.89
326,Саратовская область,2015,98.3,276.1,48.6,108.2,751.2,20111.0,547.5,21857.0,118.0,253.0,13.0,71.4
327,Саратовская область,2019,100.0,288.4,50.8,109.6,735.5,22760.0,487.8,21857.0,120.0,255.0,98.0,73.07
328,Саратовская область,2020,97.0,288.7,51.4,108.5,718.4,24095.0,575.6,21857.0,127.0,340.0,90.0,71.14
329,Саратовская область,2021,98.0,295.7,51.6,107.9,783.6,26228.0,650.2,21857.0,117.0,369.0,90.0,69.08
330,Ульяновская область,2005,96.4,245.0,35.5,129.3,858.5,4576.0,822.4,27680.0,35.0,182.0,115.0,65.38
331,Ульяновская область,2010,91.6,251.3,36.2,127.8,895.0,13132.0,682.9,28767.0,39.0,172.0,111.0,68.54
332,Ульяновская область,2015,84.7,263.2,39.0,127.3,891.7,22711.0,631.2,29824.0,33.0,82.0,122.0,70.46
333,Ульяновская область,2019,78.7,289.3,42.5,125.0,783.7,23710.0,522.6,25428.0,28.0,22.0,94.0,72.96
334,Ульяновская область,2020,81.2,287.9,43.0,123.2,747.7,24596.0,604.9,23783.0,31.0,18.0,89.0,70.98
335,Ульяновская область,2021,81.2,291.0,42.3,120.6,848.5,26849.0,725.7,22591.0,31.0,18.0,91.0,69.05
336,Курганская область,2005,115.3,214.0,27.7,122.5,813.3,4800.0,909.2,21857.0,61.0,16.0,59.0,64.09
337,Курганская область,2010,97.7,237.0,29.7,123.6,865.0,13499.0,738.7,21857.0,55.0,151.0,50.0,67.66
338,Курганская область,2015,94.3,241.6,28.8,117.9,925.2,20310.0,715.5,21857.0,52.0,71.0,38.0,69.03
339,Курганская область,2019,86.9,264.7,29.3,113.5,961.2,21304.0,618.6,21857.0,45.0,61.0,32.0,71.14
340,Курганская область,2020,87.4,272.9,28.9,112.3,892.8,21865.0,672.8,21857.0,39.0,28.0,32.0,69.94
341,Курганская область,2021,98.1,277.9,28.6,110.0,984.0,23747.0,746.3,21857.0,40.0,33.0,31.0,68.29
342,Свердловская область ,2005,109.1,263.2,42.4,111.4,718.2,9022.0,653.9928240740738,21857.0,210.9077922077922,549.6728888888889,166.34758771929825,64.47
343,Свердловская область ,2010,101.6,279.2,45.7,112.2,727.8,22194.0,653.9928240740738,21857.0,210.9077922077922,549.6728888888889,166.34758771929825,68.81
344,Свердловская область ,2015,90.8,286.4,42.4,110.6,728.1,34113.0,653.9928240740738,21857.0,210.9077922077922,549.6728888888889,166.34758771929825,69.83
345,Свердловская область ,2019,85.0,298.8,43.7,109.3,777.0,39095.0,653.9928240740738,21857.0,210.9077922077922,549.6728888888889,166.34758771929825,71.81
346,Свердловская область ,2020,87.3,323.9,45.4,111.7,791.9,37447.0,653.9928240740738,21857.0,210.9077922077922,549.6728888888889,166.34758771929825,70.15
347,Свердловская область ,2021,89.6,330.4,44.7,107.2,935.5,40275.0,653.9928240740738,21857.0,210.9077922077922,549.6728888888889,166.34758771929825,68.79
348,Ханты-Мансийский автономный округ – Югра,2005,100.0,268.0,49.2,136.8,891.4,18115.0,653.9928240740738,21857.0,3024.0,13.0,31.0,69.34333333333336
349,Ханты-Мансийский автономный округ – Югра,2010,83.8,253.8,55.2,149.4,911.7,32385.0,653.9928240740738,21857.0,2129.0,6.0,55.0,69.34333333333336
350,Ханты-Мансийский автономный округ – Югра,2015,78.4,244.3,53.4,154.5,883.7,46221.0,653.9928240740738,21857.0,1388.0,1.0,463.0,69.34333333333336
351,Ханты-Мансийский автономный округ – Югра,2019,73.8,245.8,57.3,143.1,900.6,53493.0,653.9928240740738,21857.0,1270.0,225.0,83.0,69.34333333333336
352,Ханты-Мансийский автономный округ – Югра,2020,72.7,249.6,57.5,141.7,845.7,54588.0,653.9928240740738,21857.0,1142.0,239.0,94.0,69.34333333333336
353,Ханты-Мансийский автономный округ – Югра,2021,74.2,269.4,58.7,142.0,931.2,57012.0,653.9928240740738,21857.0,1231.0,244.0,86.0,69.34333333333336
354,Ямало-Ненецкий автономный округ,2005,116.0,243.9,53.0,141.5,1178.0,22231.0,653.9928240740738,12292.0,1071.0,0.1,31.0,69.34333333333336
355,Ямало-Ненецкий автономный округ,2010,99.6,206.5,51.2,139.5,1151.5,43367.0,653.9928240740738,12033.0,886.0,1.0,44.0,69.34333333333336
356,Ямало-Ненецкий автономный округ,2015,86.3,242.1,50.3,140.7,1096.9,67624.0,653.9928240740738,11849.0,632.0,0.4,23.0,69.34333333333336
357,Ямало-Ненецкий автономный округ,2019,75.9,248.0,56.7,144.7,1291.9,84273.0,653.9928240740738,9308.0,763.0,0.2,29.0,69.34333333333336
358,Ямало-Ненецкий автономный округ,2020,75.9,251.9,61.0,148.9,1249.4,90130.0,653.9928240740738,8728.0,878.0,0.2,29.0,69.34333333333336
359,Ямало-Ненецкий автономный округ,2021,76.8,251.1,62.1,151.0,1308.4,96814.0,653.9928240740738,8252.0,949.0,1.0,29.0,69.34333333333336
360,Тюменская область без автономных округов,2005,91.6,277.70061855670093,47.72927835051546,108.7,803.828716904277,25860.23717948718,653.9928240740738,21857.0,210.9077922077922,32.0,166.34758771929825,69.34333333333336
361,Тюменская область без автономных округов,2010,76.8,277.70061855670093,47.72927835051546,102.8,803.828716904277,25860.23717948718,653.9928240740738,21857.0,210.9077922077922,36.0,166.34758771929825,69.34333333333336
362,Тюменская область без автономных округов,2015,69.3,277.70061855670093,47.72927835051546,105.4,803.828716904277,25860.23717948718,653.9928240740738,21857.0,210.9077922077922,157.0,166.34758771929825,69.34333333333336
363,Тюменская область без автономных округов,2019,68.1,277.70061855670093,47.72927835051546,109.6,803.828716904277,25860.23717948718,653.9928240740738,21857.0,210.9077922077922,161.0,166.34758771929825,69.34333333333336
364,Тюменская область без автономных округов,2020,70.5,277.70061855670093,47.72927835051546,110.7,803.828716904277,25860.23717948718,653.9928240740738,21857.0,210.9077922077922,184.0,166.34758771929825,69.34333333333336
365,Тюменская область без автономных округов,2021,75.4,277.70061855670093,47.72927835051546,109.9,803.828716904277,25860.23717948718,653.9928240740738,21857.0,210.9077922077922,166.0,166.34758771929825,69.34333333333336
366,Челябинская область,2005,120.1,277.1,40.5,107.7,756.9,6554.0,881.0,91972.0,880.0,4363.0,660.0,64.76
367,Челябинская область,2010,94.0,288.6,43.0,106.7,870.7,16821.0,667.8,105507.0,749.0,4695.0,845.0,68.41
368,Челябинская область,2015,76.2,298.5,39.4,105.7,862.3,24654.0,641.5,113979.0,627.0,3136.0,725.0,69.9
369,Челябинская область,2019,73.9,324.0,42.3,98.3,876.7,25432.0,539.6,80405.0,493.0,2131.0,230.0,72.08
370,Челябинская область,2020,79.9,327.1,42.4,96.9,887.6,26647.0,610.1,75723.0,457.0,1871.0,211.0,70.29
371,Челябинская область,2021,79.4,339.0,42.6,96.5,963.3,29498.0,653.5,72961.0,467.0,2864.0,279.0,69.16
372,Республика Алтай,2005,117.5,317.6,38.9,131.3,900.3,4381.0,653.9928240740738,10207.0,13.0,2.0,0.5,60.38
373,Республика Алтай,2010,92.5,301.5,43.5,139.3,860.5,13536.0,653.9928240740738,9101.0,6.0,2.0,0.3,65.68
374,Республика Алтай,2015,78.5,311.9,44.7,132.0,894.2,17872.0,653.9928240740738,6460.0,8.0,2.0,0.4,68.44
375,Республика Алтай,2019,73.3,303.8,44.8,124.4,875.4,20256.0,653.9928240740738,5015.0,6.0,3.0,0.3,70.29
376,Республика Алтай,2020,72.9,292.9,45.6,123.1,912.6,21683.0,653.9928240740738,4907.0,7.0,1.0,0.4,69.15
377,Республика Алтай,2021,72.8,294.8,43.6,119.7,1020.1,23798.0,653.9928240740738,4651.0,7.0,1.0,0.3,67.86
378,Республика Тыва,2005,170.9,303.5,42.8,137.7,687.7,4162.0,1294.4,4022.0,24.0,41.0,8.0,55.84
379,Республика Тыва,2010,143.9,329.2,45.6,138.9,583.2,10160.0,1007.7,3782.0,23.0,32.0,9.0,60.45
380,Республика Тыва,2015,126.5,328.8,48.9,144.0,664.8,15572.0,880.5,3692.0,20.0,13.0,9.0,63.13
381,Республика Тыва,2019,107.5,304.7,49.7,145.8,614.3,16618.0,652.1,3614.0,5.0,8.0,8.0,67.57
382,Республика Тыва,2020,106.7,298.6,50.6,147.6,614.1,18975.0,698.1,3524.0,5.0,10.0,8.0,66.25
383,Республика Тыва,2021,112.4,296.6,50.2,147.0,651.5,20652.0,689.5,3527.0,7.0,10.0,6.0,66.87
384,Республика Хакасия,2005,108.4,323.2,37.8,106.3,812.3,5177.0,1099.9,9267.0,96.0,229.0,50.0,61.11
385,Республика Хакасия,2010,90.6,322.3,38.1,112.2,802.9,12806.0,713.3,10258.0,96.0,169.0,38.0,67.1
386,Республика Хакасия,2015,74.8,326.8,39.0,107.8,835.5,19116.0,667.0,11901.0,89.0,172.0,29.0,68.68
387,Республика Хакасия,2019,69.9,353.7,42.3,105.7,924.7,22691.0,574.6,8186.0,105.0,143.0,28.0,71.05
388,Республика Хакасия,2020,74.9,354.9,40.1,104.5,837.8,23843.0,615.0,7950.0,110.0,214.0,26.0,70.06
389,Республика Хакасия,2021,71.4,352.4,41.2,106.4,969.2,26068.0,676.0,7809.0,110.0,204.0,29.0,68.49
390,Алтайский край,2005,117.7,281.1,46.7,109.9,987.2,4640.0,853.7,21857.0,233.0,787.0,34.0,64.62
391,Алтайский край,2010,112.1,347.8,48.7,109.2,1035.7,11029.0,668.0,21857.0,207.0,776.0,15.0,68.36
392,Алтайский край,2015,97.6,300.5,42.9,112.7,1096.5,20860.0,597.5,21857.0,204.0,549.0,16.0,70.44
393,Алтайский край,2019,91.8,309.0,42.6,104.6,1090.0,23993.0,556.8,21857.0,169.0,521.0,32.0,71.61
394,Алтайский край,2020,90.9,307.7,43.4,102.6,987.5,23917.0,613.9,21857.0,175.0,520.0,13.0,70.19
395,Алтайский край,2021,90.4,316.1,43.0,99.2,1152.5,26010.0,688.3,21857.0,177.0,534.0,14.0,68.6
396,Красноярский край,2005,113.6,309.5,50.3,114.4,760.6,7790.0,970.7,65168.0,2543.0,9600.0,531.0,63.02
397,Красноярский край,2010,102.1,301.6,53.7,121.0,813.3,18262.0,699.6,74113.0,2491.0,9012.0,444.0,67.57
398,Красноярский край,2015,85.7,318.3,47.6,118.7,784.9,27053.0,621.6,80688.0,2476.0,6241.0,327.0,69.69
399,Красноярский край,2019,80.3,325.8,49.9,117.1,773.3,31755.0,550.8,67202.0,2432.0,5250.0,318.0,71.16
400,Красноярский край,2020,81.7,328.0,50.6,116.0,776.6,32872.0,624.4,61807.0,2540.0,5731.0,322.0,69.82
401,Красноярский край,2021,80.3,329.5,49.6,112.5,852.4,36090.0,686.4,60321.0,2418.0,5558.0,324.0,68.34
402,Иркутская область,2005,124.5,253.6,47.5,110.3,833.9,7119.0,1188.8,21857.0,502.0,2589.0,814.0,60.32
403,Иркутская область,2010,108.7,282.4,49.9,111.5,907.2,15110.0,849.4,21857.0,597.0,2821.0,594.0,65.26
404,Иркутская область,2015,106.0,281.6,45.5,111.4,952.2,21753.0,780.2,21857.0,639.0,2488.0,507.0,67.37
405,Иркутская область,2019,94.7,294.1,49.0,109.8,959.6,26355.0,650.9,21857.0,644.0,2426.0,510.0,69.55
406,Иркутская область,2020,93.7,297.3,49.2,109.6,881.5,27577.0,727.9,21857.0,655.0,2414.0,442.0,68.25
407,Иркутская область,2021,90.2,304.4,49.6,110.0,1073.7,30346.0,781.3,21857.0,663.0,2520.0,426.0,66.8
408,Кемеровская область,2005,104.4,248.0,47.0,108.5,732.3,7889.0,1114.5,21857.0,1282.0,4829.0,695.0,61.43
409,Кемеровская область,2010,92.7,248.9,47.7,107.0,796.4,15341.0,880.0,21857.0,1411.0,4823.0,700.0,65.42
410,Кемеровская область,2015,89.9,287.1,42.9,114.8,870.9,21879.0,753.8,21857.0,1344.0,4683.0,462.0,68.31
411,Кемеровская область,2019,90.6,294.2,43.8,103.3,830.1,24890.0,682.9,21857.0,1760.0,3380.0,301.0,69.78
412,Кемеровская область,2020,91.7,292.1,44.2,102.5,795.1,25441.0,745.6,21857.0,1612.0,3049.0,262.0,68.51
413,Кемеровская область,2021,93.7,301.8,43.4,99.5,874.4,28048.0,779.3,21857.0,1603.0,3309.0,225.0,67.61
414,Новосибирская область ,2005,131.8,402.3,61.7,115.9,695.6,6639.0,653.9928240740738,21857.0,210.9077922077922,549.6728888888889,166.34758771929825,65.11
415,Новосибирская область ,2010,109.1,254.0,58.3,106.7,718.3,16276.0,653.9928240740738,21857.0,210.9077922077922,549.6728888888889,166.34758771929825,69.28
416,Новосибирская область ,2015,98.4,231.5,51.6,104.4,751.5,25541.0,653.9928240740738,21857.0,210.9077922077922,549.6728888888889,166.34758771929825,70.86
417,Новосибирская область ,2019,94.5,255.1,54.6,99.3,723.6,30566.0,653.9928240740738,21857.0,210.9077922077922,549.6728888888889,166.34758771929825,72.25
418,Новосибирская область ,2020,95.4,271.5,56.0,99.8,757.2,31606.0,653.9928240740738,21857.0,210.9077922077922,549.6728888888889,166.34758771929825,70.32
419,Новосибирская область ,2021,93.2,285.5,56.7,99.4,809.5,35261.0,653.9928240740738,21857.0,210.9077922077922,549.6728888888889,166.34758771929825,69.19
420,Омская область,2005,121.4,233.7,55.8,128.4,829.5,6969.0,808.0,51100.0,202.0,1577.0,214.0,65.15
421,Омская область,2010,99.2,237.1,53.9,113.8,839.1,15199.0,638.6,49657.0,230.0,1787.0,177.0,68.78
422,Омская область,2015,81.7,246.7,50.6,120.8,920.8,25283.0,590.0,50618.0,202.0,1838.0,139.0,70.41
423,Омская область,2019,80.3,269.4,50.9,117.3,728.3,26970.0,498.9,39888.0,151.0,1613.0,125.0,72.32
424,Омская область,2020,81.4,276.3,51.2,116.4,748.8,27377.0,577.9,37195.0,147.0,1452.0,126.0,70.32
425,Омская область,2021,81.7,283.2,51.2,114.9,843.1,29972.0,644.9,35913.0,159.0,1618.0,121.0,69.02
426,Томская область,2005,125.0,278.9,67.3,109.2,799.1,8142.0,788.7,32941.0,281.0,247.0,12.0,65.11
427,Томская область,2010,113.5,266.2,69.1,101.8,679.2,15070.0,619.5,33327.0,345.0,406.0,14.0,68.83
428,Томская область,2015,105.3,239.3,53.5,105.6,713.3,26827.0,539.4,36267.0,293.0,224.0,24.0,71.25
429,Томская область,2019,96.0,277.1,56.4,99.5,719.3,28381.0,467.8,27211.0,225.0,203.0,214.0,72.85
430,Томская область,2020,90.3,229.4,53.1,88.7,656.0,28871.0,528.9,26208.0,177.0,192.0,181.0,71.17
431,Томская область,2021,100.3,256.7,59.3,98.8,671.4,30976.0,570.1,24604.0,178.0,123.0,182.0,69.7
432,Республика Бурятия,2005,105.7,228.4,38.6,108.9,614.5,6027.0,1084.3,21857.0,87.0,384.0,61.0,60.96
433,Республика Бурятия,2010,97.0,228.9,41.3,112.3,668.1,14271.0,776.3,21857.0,95.0,669.0,41.0,66.05
434,Республика Бурятия,2015,88.7,263.3,45.6,115.5,604.5,23858.0,639.8,21857.0,109.0,727.0,39.0,69.15
435,Республика Бурятия,2019,83.3,275.6,45.1,110.8,633.9,25302.0,560.0,21857.0,69.0,600.0,31.0,70.77
436,Республика Бурятия,2020,84.7,274.5,44.7,108.4,664.5,26222.0,575.1,21857.0,94.0,554.0,29.0,70.29
437,Республика Бурятия,2021,79.1,274.2,43.4,105.7,769.4,28314.0,629.6,21857.0,98.0,518.0,30.0,68.91
438,Республика Саха (Якутия),2005,152.6,272.9,49.3,135.1,881.7,11350.0,773.6,25856.0,163.0,328.0,79.0,64.68
439,Республика Саха (Якутия),2010,114.9,270.0,57.1,132.5,1023.4,23088.0,725.5,25742.0,161.0,403.0,86.0,66.75
440,Республика Саха (Якутия),2015,105.7,286.0,55.2,131.6,1026.6,37013.0,552.8,27178.0,287.0,478.0,85.0,70.29
441,Республика Саха (Якутия),2019,95.7,295.7,61.6,139.1,1032.9,45528.0,465.2,24654.0,288.0,373.0,83.0,73.0
442,Республика Саха (Якутия),2020,86.5,284.6,60.3,135.4,899.6,46344.0,538.4,22921.0,286.0,479.0,74.0,71.1
443,Республика Саха (Якутия),2021,85.2,285.9,60.0,132.8,1053.8,50369.0,554.8,22319.0,390.0,435.0,75.0,69.98
444,Забайкальский край,2005,139.1,228.7,52.5,116.4,639.5,5908.0,1242.8,17898.0,140.0,389.0,83.0,59.33
445,Забайкальский край,2010,116.6,247.7,56.1,117.2,741.2,14205.0,824.3,16605.0,138.0,491.0,78.0,64.82
446,Забайкальский край,2015,101.4,229.3,48.8,109.9,695.2,22014.0,698.4,16585.0,119.0,527.0,35.0,67.34
447,Забайкальский край,2019,97.7,280.2,50.9,112.7,756.9,25750.0,628.4,13498.0,111.0,608.0,75.0,68.88
448,Забайкальский край,2020,97.5,272.1,52.3,110.9,727.6,27048.0,664.0,13153.0,137.0,518.0,87.0,68.23
449,Забайкальский край,2021,97.4,299.8,50.9,109.5,792.4,29827.0,702.4,13057.0,135.0,542.0,62.0,66.82
450,Камчатский край,2005,169.5,296.9,53.2,130.2,857.6,11167.0,865.9,13940.0,41.0,5.0,29.0,63.24
451,Камчатский край,2010,127.9,274.5,49.3,118.6,861.3,27010.0,797.8,11221.0,37.0,6.0,46.0,65.82
452,Камчатский край,2015,121.2,281.3,53.6,125.4,814.8,42818.0,649.0,11631.0,25.0,8.0,25.0,68.56
453,Камчатский край,2019,103.7,289.0,52.9,120.5,776.2,52674.0,572.3,10166.0,38.0,7.0,26.0,70.57
454,Камчатский край,2020,111.9,290.6,52.5,117.9,722.3,55381.0,657.5,9518.0,39.0,3.0,25.0,69.27
455,Камчатский край,2021,108.1,305.2,54.9,122.4,829.5,60794.0,741.1,9185.0,44.0,4.0,25.0,68.09
456,Приморский край,2005,96.1,220.3,53.5,86.9,726.9,7163.0,983.8,21857.0,260.0,2698.0,348.0,62.84
457,Приморский край,2010,91.7,224.9,52.7,82.5,796.1,17298.0,749.8,21857.0,233.0,2587.0,371.0,66.63
458,Приморский край,2015,102.0,246.3,50.0,88.5,704.8,31072.0,633.3,21857.0,193.0,2022.0,291.0,69.21
459,Приморский край,2019,98.0,262.2,51.8,85.4,778.5,36884.0,589.2,21857.0,178.0,1911.0,259.0,70.54
460,Приморский край,2020,97.4,259.5,51.1,84.1,778.6,37349.0,649.2,21857.0,170.0,1303.0,261.0,69.55
461,Приморский край,2021,96.4,265.8,50.8,83.5,856.5,40843.0,692.4,21857.0,197.0,1556.0,251.0,68.61
462,Хабаровский край ,2005,110.6,265.4,60.5,104.9,713.8,25860.23717948718,653.9928240740738,21857.0,210.9077922077922,549.6728888888889,166.34758771929825,61.72
463,Хабаровский край ,2010,97.3,272.8,61.1,103.8,736.4,25860.23717948718,653.9928240740738,21857.0,210.9077922077922,549.6728888888889,166.34758771929825,65.68
464,Хабаровский край ,2015,86.9,305.1,53.5,110.4,667.2,25860.23717948718,653.9928240740738,21857.0,210.9077922077922,549.6728888888889,166.34758771929825,68.72
465,Хабаровский край ,2019,85.9,324.4,56.4,100.2,685.4,25860.23717948718,653.9928240740738,21857.0,210.9077922077922,549.6728888888889,166.34758771929825,70.05
466,Хабаровский край ,2020,82.8,329.9,57.5,101.9,694.0,25860.23717948718,653.9928240740738,21857.0,210.9077922077922,549.6728888888889,166.34758771929825,68.61
467,Хабаровский край ,2021,91.8,327.0,56.4,98.2,751.5,25860.23717948718,653.9928240740738,21857.0,210.9077922077922,549.6728888888889,166.34758771929825,67.85
468,Амурская область,2005,144.2,282.5,60.7,124.7,658.1,5988.0,1136.1,21857.0,104.0,229.0,100.0,60.22
469,Амурская область,2010,114.7,280.2,62.8,125.5,777.7,14323.0,891.6,21857.0,119.0,284.0,82.0,64.36
470,Амурская область,2015,102.4,315.7,55.4,116.1,839.2,28240.0,753.5,21857.0,127.0,350.0,73.0,67.27
471,Амурская область,2019,95.4,296.4,54.9,106.3,846.8,33304.0,681.7,21857.0,124.0,349.0,65.0,68.66
472,Амурская область,2020,95.0,298.5,55.4,107.7,807.1,35508.0,770.2,21857.0,136.0,331.0,66.0,67.38
473,Амурская область,2021,98.2,427.2,56.8,109.0,927.1,39626.0,807.7,21857.0,150.0,380.0,67.0,66.3
474,Магаданская область,2005,174.7,384.7,55.2,150.6,860.0,11167.0,1010.4,10673.0,29.0,58.0,28.0,62.53
475,Магаданская область,2010,148.8,389.4,55.6,154.6,808.8,27801.0,914.4,6334.0,25.0,53.0,27.0,65.07
476,Магаданская область,2015,117.2,431.0,61.0,165.6,704.1,50750.0,730.0,5304.0,27.0,46.0,13.0,68.11
477,Магаданская область,2019,110.7,439.9,62.2,155.0,679.1,65367.0,698.6,4201.0,60.0,45.0,4.9,69.66
478,Магаданская область,2020,110.4,440.8,62.4,154.2,644.9,70982.0,722.4,4086.0,40.0,41.0,4.5,69.04
479,Магаданская область,2021,103.2,412.5,63.1,151.6,789.4,80979.0,845.1,3778.0,39.0,57.0,4.3,67.41
480,Сахалинская область,2005,146.9,259.2,44.0,127.0,912.6,12640.0,1190.8,15146.0,89.0,394.0,52.0,60.57
481,Сахалинская область,2010,142.2,257.5,49.1,132.7,924.7,30727.0,918.5,16605.0,100.0,406.0,46.0,64.9
482,Сахалинская область,2015,118.9,249.1,54.1,145.5,800.6,47872.0,740.5,17777.0,72.0,39.0,29.0,67.99
483,Сахалинская область,2019,113.8,260.3,63.6,136.8,683.8,59016.0,610.1,15048.0,57.0,30.0,25.0,70.28
484,Сахалинская область,2020,115.2,263.2,64.6,139.7,629.6,60797.0,654.2,14213.0,64.0,62.0,26.0,69.73
485,Сахалинская область,2021,114.5,268.7,65.5,138.8,678.0,63854.0,724.0,13441.0,62.0,71.0,27.0,68.42
486,Еврейская автономная область,2005,151.9,277.70061855670093,47.72927835051546,117.8,625.9,6406.0,1254.3,3825.0,28.0,100.0,14.0,59.2
487,Еврейская автономная область,2010,141.1,277.70061855670093,47.72927835051546,122.1,707.5,15348.0,940.3,3437.0,23.0,147.0,15.0,63.67
488,Еврейская автономная область,2015,124.5,277.70061855670093,47.72927835051546,122.3,669.8,23759.0,885.2,3445.0,19.0,45.0,14.0,65.04
489,Еврейская автономная область,2019,121.2,277.70061855670093,47.72927835051546,121.5,639.7,26602.0,688.7,2654.0,16.0,110.0,13.0,68.08
490,Еврейская автономная область,2020,116.2,277.70061855670093,47.72927835051546,122.1,625.3,28126.0,713.5,2465.0,17.0,106.0,12.0,67.5
491,Еврейская автономная область,2021,128.5,277.70061855670093,47.72927835051546,117.8,743.7,30297.0,754.4,2365.0,17.0,80.0,12.0,66.12
492,Чукотский автономный округ,2005,241.8,581.8,78.8,143.5,1189.1,19669.0,1030.1,1881.0,32.0,38.0,4.3,58.48
493,Чукотский автономный округ,2010,171.2,504.3,76.7,160.9,1213.5,38147.0,1328.4,1356.0,22.0,30.0,5.0,57.49
494,Чукотский автономный округ,2015,149.3,486.5,65.0,144.1,1076.3,63308.0,865.8,1143.0,21.0,30.0,4.1,64.16
495,Чукотский автономный округ,2019,126.9,476.5,71.0,140.8,1149.2,83385.0,801.3,1096.0,18.0,23.0,3.0,68.09
496,Чукотский автономный округ,2020,128.8,487.6,73.7,142.5,1182.2,89548.0,853.2,1113.0,17.0,21.0,2.9,65.82
497,Чукотский автономный округ,2021,129.1,467.4,74.1,142.9,1189.2,99905.0,453.7,1100.0,18.0,17.0,2.9,64.87
